category,median,lower,upper
unknown,1.3580220267695442,1.340731347049903,1.382182073100673
male,0.8527330655336753,0.8432414686303021,0.8631793245558678
female,0.9900213219169007,0.9788038794587675,1.0017955926034192
