category,median,lower,upper
male,0.954834898182283,0.9315692369356403,0.9767794344057195
female,1.0473014778824037,1.0237725783082314,1.0734575170058858
