category,median,lower,upper
male,0.9537618460282988,0.9354981159476342,0.9756495394353213
female,1.0484797689950043,1.024958204335106,1.0689492399319556
