category,median,lower,upper
unknown,1.0316772161267764,1.0134171376919763,1.0517005220228846
male,0.9391748653981419,0.9244471122448993,0.9551551042603387
female,1.051011486754641,1.0355829287771996,1.0669507559985167
